Ticker,1306.T,1306.T,1306.T,1306.T,1306.T,1306.T,1321.T,1321.T,1321.T,1321.T,1321.T,1321.T,1570.T,1570.T,1570.T,1570.T,1570.T,1570.T,6758.T,6758.T,6758.T,6758.T,6758.T,6758.T,7203.T,7203.T,7203.T,7203.T,7203.T,7203.T
Price,Adj Close,Close,High,Low,Open,Volume,Adj Close,Close,High,Low,Open,Volume,Adj Close,Close,High,Low,Open,Volume,Adj Close,Close,High,Low,Open,Volume,Adj Close,Close,High,Low,Open,Volume
Date,,,,,,,,,,,,,,,,,,,,,,,,,,,,,,
2024-01-04,2433.31005859375,2487.0,2491.0,2441.5,2463.5,2303660,33400.98046875,34510.0,34540.0,33910.0,34240.0,316322,20880.0,20880.0,20895.0,20125.0,20375.0,6770283,2576.436767578125,2619.0,2668.0,2619.0,2666.0,19739500,2446.039794921875,2635.0,2635.0,2572.0,2605.0,29812900
2024-01-05,2447.986328125,2502.0,2511.5,2492.5,2495.0,1701460,33536.484375,34650.0,34820.0,34490.0,34590.0,304422,21010.0,21010.0,21230.0,20840.0,20960.0,4509413,2591.193359375,2634.0,2634.0,2599.0,2610.0,10830500,2507.77099609375,2701.5,2708.0,2643.5,2643.5,30515500
2024-01-09,2467.55419921875,2522.0,2543.0,2510.5,2530.0,2099240,33904.26953125,35030.0,35250.0,34850.0,35060.0,344928,21490.0,21490.0,21750.0,21265.0,21510.0,6718322,2624.640625,2668.0,2686.0,2645.0,2666.0,15597500,2500.80859375,2694.0,2716.0,2662.5,2715.0,30486100
2024-01-10,2500.8203125,2556.0,2564.5,2527.0,2529.0,2459440,34601.1328125,35750.0,35820.0,35140.0,35170.0,683803,22375.0,22375.0,22465.0,21630.0,21670.0,8948268,2724.982666015625,2770.0,2780.0,2673.0,2681.0,22891000,2548.151611328125,2745.0,2752.0,2679.5,2684.0,33701200
2024-01-11,2539.956787109375,2596.0,2606.5,2588.5,2590.0,3294460,35220.5625,36390.0,36460.0,36130.0,36190.0,563498,23195.0,23195.0,23270.0,22855.0,23050.0,8345934,2821.39013671875,2868.0,2884.0,2833.0,2853.0,28131500,2640.0517578125,2844.0,2867.5,2827.0,2827.0,49003100
2024-01-12,2552.18701171875,2608.5,2625.5,2600.0,2608.5,2890260,35704.49609375,36890.0,37040.0,36660.0,36680.0,631843,23825.0,23825.0,24020.0,23515.0,23535.0,8587075,2867.626220703125,2915.0,2916.0,2854.0,2900.0,27149000,2633.553955078125,2837.0,2883.0,2820.5,2880.0,34169200
2024-01-15,2564.417236328125,2621.0,2622.5,2610.5,2615.5,353550,35791.60546875,36980.0,36990.0,36860.0,36940.0,78233,23915.0,23915.0,23945.0,23775.0,23895.0,1263246,2837.130126953125,2884.0,2893.0,2862.0,2893.0,4776500,2645.15771484375,2849.5,2855.0,2830.0,2854.0,4866000
2024-01-16,2564.906494140625,2621.5,2643.5,2610.5,2615.5,2359910,35801.28125,36990.0,37300.0,36860.0,36940.0,549245,23910.0,23910.0,24345.0,23775.0,23895.0,7159284,2829.260009765625,2876.0,2910.0,2869.0,2897.0,14363000,2649.799072265625,2854.5,2869.5,2830.0,2854.0,23810700
2024-01-17,2552.18701171875,2608.5,2660.0,2608.0,2631.5,7039470,35636.74609375,36820.0,37590.0,36790.0,37240.0,618214,23690.0,23690.0,24715.0,23675.0,24255.0,9894139,2836.146240234375,2883.0,2978.0,2883.0,2896.0,23440500,2651.655517578125,2856.5,2920.0,2846.5,2880.0,42925400
2024-01-18,2549.251708984375,2605.5,2622.5,2604.0,2606.5,1975130,35588.3515625,36770.0,37070.0,36680.0,36710.0,434007,23660.0,23660.0,24035.0,23525.0,23560.0,6279745,2801.715087890625,2848.0,2883.0,2848.0,2865.0,15630500,2721.277587890625,2931.5,2964.0,2873.0,2880.0,45748100
2024-01-19,2567.841552734375,2624.5,2642.0,2613.5,2638.5,2223670,36120.67578125,37320.0,37490.0,37120.0,37450.0,504522,24340.0,24340.0,24505.0,24085.0,24495.0,7444336,2857.788818359375,2905.0,2922.0,2888.0,2908.0,16830000,2749.58984375,2962.0,2985.0,2937.0,2985.0,38896900
2024-01-22,2605.999755859375,2663.5,2663.5,2640.5,2644.0,885300,36711.07421875,37930.0,37940.0,37640.0,37730.0,480858,25155.0,25155.0,25165.0,24780.0,24840.0,6556143,2911.894775390625,2960.0,2975.0,2929.0,2930.0,15589000,2768.155517578125,2982.0,2987.5,2956.5,2965.0,27665300
2024-01-23,2602.086181640625,2659.5,2684.5,2649.5,2667.5,1753450,36672.36328125,37890.0,38370.0,37770.0,37990.0,553499,25080.0,25080.0,25730.0,24945.0,25220.0,10046228,2891.236083984375,2939.0,2983.0,2934.0,2959.0,18784000,2776.510009765625,2991.0,3034.0,2971.0,2997.0,40894100
2024-01-24,2586.920654296875,2644.0,2658.0,2636.0,2652.5,6703240,36362.640625,37570.0,37840.0,37440.0,37840.0,413362,24650.0,24650.0,25025.0,24505.0,25025.0,7052907,2859.75634765625,2907.0,2913.0,2893.0,2910.0,13437500,2747.269287109375,2959.5,3018.0,2952.0,3000.0,28933300
2024-01-25,2589.855712890625,2647.0,2650.5,2629.0,2641.5,1600130,36391.6796875,37600.0,37660.0,37240.0,37520.0,333836,24725.0,24725.0,24795.0,24235.0,24600.0,5475689,2824.34130859375,2871.0,2913.0,2864.0,2893.0,15915500,2751.446533203125,2964.0,2964.0,2964.0,2964.0,28781400
2024-01-26,2555.611328125,2612.0,2637.0,2610.5,2633.5,1766370,35878.7109375,37070.0,37400.0,37010.0,37270.0,346177,24035.0,24035.0,24460.0,23950.0,24280.0,6678405,2755.47900390625,2801.0,2854.0,2801.0,2851.0,19076000,2685.07373046875,2892.5,2950.0,2888.5,2950.0,33005600
2024-01-29,2586.431396484375,2643.5,2653.0,2623.5,2623.5,846040,36178.75,37380.0,37540.0,37130.0,37160.0,229422,24405.0,24405.0,24620.0,24105.0,24130.0,4904416,2824.34130859375,2871.0,2882.0,2846.0,2849.0,13695500,2769.548095703125,2983.5,2994.0,2928.0,2929.0,39361500
2024-01-30,2586.431396484375,2643.5,2657.0,2642.0,2651.0,2044240,36207.78515625,37410.0,37600.0,37370.0,37570.0,236904,24445.0,24445.0,24695.0,24405.0,24665.0,4359682,2848.93505859375,2896.0,2905.0,2883.0,2887.0,16211500,2747.269287109375,2959.5,2983.5,2931.0,2950.0,30914300
2024-01-31,2612.359375,2670.0,2670.0,2629.0,2630.0,1744230,36430.39453125,37640.0,37640.0,37010.0,37050.0,218734,24760.0,24760.0,24760.0,23925.0,23990.0,5410705,2891.236083984375,2939.0,2940.0,2887.0,2898.0,19762500,2784.864990234375,3000.0,3000.0,2939.0,2940.0,28387200
2024-02-01,2592.302001953125,2649.5,2661.0,2643.0,2649.5,2599480,36101.3203125,37300.0,37490.0,37260.0,37290.0,347380,24335.0,24335.0,24560.0,24245.0,24295.0,5802833,2831.227783203125,2878.0,2912.0,2871.0,2900.0,16904500,2733.80908203125,2945.0,2960.0,2931.0,2940.5,29852200
2024-02-02,2600.129150390625,2657.5,2669.0,2647.5,2662.0,2030940,36314.25,37520.0,37800.0,37420.0,37600.0,263338,24590.0,24590.0,24950.0,24455.0,24690.0,6685629,2847.951171875,2895.0,2912.0,2870.0,2888.0,14228000,2739.843017578125,2951.5,2966.0,2938.0,2963.5,24939800
2024-02-05,2620.67578125,2678.5,2682.0,2664.5,2679.0,1893080,36536.859375,37750.0,37840.0,37550.0,37840.0,200768,24880.0,24880.0,25005.0,24635.0,25000.0,5037089,2847.951171875,2895.0,2924.0,2889.0,2910.0,11595500,2777.4384765625,2992.0,3007.0,2959.0,2995.5,29891100
2024-02-06,2599.150634765625,2656.5,2667.5,2649.5,2667.5,1663450,36304.57421875,37510.0,37840.0,37410.0,37630.0,226301,24550.0,24550.0,24755.0,24440.0,24710.0,4053722,2804.66650390625,2851.0,2884.0,2834.0,2880.0,17012500,2910.183837890625,3135.0,3148.0,2951.5,2999.5,80031600
2024-02-07,2610.402587890625,2668.0,2677.0,2651.5,2652.0,976570,36285.21484375,37490.0,37540.0,37190.0,37280.0,277654,24540.0,24540.0,24625.0,24140.0,24260.0,5440521,2813.52001953125,2860.0,2876.0,2835.0,2876.0,14526500,3026.219482421875,3260.0,3364.0,3190.0,3195.0,90841000
2024-02-08,2623.611083984375,2681.5,2692.0,2660.0,2679.0,2212510,37020.7890625,38250.0,38330.0,37660.0,37740.0,354853,25535.0,25535.0,25650.0,24765.0,24870.0,9070052,2818.43896484375,2865.0,2869.0,2843.0,2868.0,16147500,3109.765625,3350.0,3409.0,3283.0,3330.0,65539300
2024-02-09,2618.229736328125,2676.0,2697.0,2671.0,2678.5,1449100,37030.46875,38260.0,38670.0,38260.0,38390.0,280757,25590.0,25590.0,26100.0,25590.0,25720.0,7362825,2800.731201171875,2847.0,2876.0,2842.0,2876.0,14367000,3084.7021484375,3323.0,3370.0,3296.0,3360.0,38909900
2024-02-13,2676.4453125,2735.5,2736.5,2701.5,2709.5,1120580,38114.4765625,39380.0,39420.0,38870.0,38930.0,515343,27060.0,27060.0,27100.0,26355.0,26450.0,7998374,2899.106201171875,2947.0,2956.0,2893.0,2896.0,25053500,3208.164306640625,3456.0,3459.0,3350.0,3366.0,50279000
2024-02-14,2644.646728515625,2703.0,2718.5,2693.0,2718.0,1342040,37882.19140625,39140.0,39230.0,38990.0,39120.0,321470,26710.0,26710.0,26850.0,26510.0,26685.0,6112037,2884.349853515625,2932.0,2933.0,2888.0,2929.0,21404000,3142.255615234375,3385.0,3464.0,3361.0,3453.0,40613000
2024-02-15,2657.366455078125,2716.0,2725.0,2701.0,2723.5,1250070,38317.73046875,39590.0,39610.0,39340.0,39530.0,320550,27325.0,27325.0,27355.0,26990.0,27210.0,5800803,2697.43798828125,2742.0,2784.0,2672.0,2730.0,69830500,3139.470947265625,3382.0,3416.0,3351.0,3415.0,31611400
2024-02-16,2690.632080078125,2750.0,2762.5,2734.0,2741.0,2600590,38666.16015625,39950.0,40310.0,39800.0,40140.0,711102,27810.0,27810.0,28320.0,27615.0,28055.0,8468236,2651.20166015625,2695.0,2763.0,2668.0,2733.0,53360000,3169.176513671875,3414.0,3453.0,3396.0,3440.0,39276000
2024-02-19,2703.8408203125,2763.5,2763.5,2745.0,2750.0,917740,38598.40625,39880.0,39990.0,39720.0,39900.0,331929,27745.0,27745.0,27875.0,27490.0,27735.0,4335351,2651.20166015625,2695.0,2712.0,2668.0,2695.0,20752500,3184.02880859375,3430.0,3449.0,3401.0,3414.0,18623200
2024-02-20,2702.862548828125,2762.5,2773.0,2746.5,2771.5,3793930,38540.33984375,39820.0,40200.0,39720.0,39980.0,278417,27640.0,27640.0,28150.0,27480.0,27820.0,5914724,2619.7216796875,2663.0,2707.0,2658.0,2695.0,22756500,3169.176513671875,3414.0,3473.0,3369.0,3450.0,32113800
2024-02-21,2689.164794921875,2748.5,2753.0,2736.5,2746.5,801880,38433.87109375,39710.0,39790.0,39520.0,39660.0,349192,27485.0,27485.0,27580.0,27210.0,27390.0,4503029,2594.14404296875,2637.0,2644.0,2600.0,2601.0,29653500,3183.1005859375,3429.0,3436.0,3396.0,3400.0,27204700
2024-02-22,2725.85498046875,2786.0,2787.5,2766.5,2768.5,1310080,39275.9140625,40580.0,40630.0,40090.0,40250.0,462117,28685.0,28685.0,28750.0,28005.0,28290.0,8527033,2618.738037109375,2662.0,2668.0,2646.0,2646.0,26668500,3268.5029296875,3521.0,3530.0,3444.0,3450.0,45277100
2024-02-26,2738.085205078125,2798.5,2812.0,2789.0,2800.0,2400290,39353.34375,40660.0,40900.0,40650.0,40820.0,294047,28790.0,28790.0,29125.0,28770.0,29030.0,4630980,2564.632080078125,2607.0,2628.0,2591.0,2619.0,38648500,3309.34765625,3565.0,3607.0,3522.0,3550.0,36879000
2024-02-27,2741.509521484375,2802.0,2817.5,2797.5,2801.5,1299160,39421.09375,40730.0,40900.0,40570.0,40720.0,258710,28880.0,28880.0,29125.0,28655.0,28870.0,4732202,2543.973388671875,2586.0,2616.0,2586.0,2603.0,25520000,3325.12890625,3582.0,3603.0,3566.0,3600.0,26141000
2024-02-28,2738.574462890625,2799.0,2809.0,2792.5,2804.0,944680,39372.703125,40680.0,40780.0,40550.0,40720.0,167765,28810.0,28810.0,28960.0,28635.0,28870.0,3698918,2542.00537109375,2584.0,2584.0,2549.0,2570.0,23571500,3313.989013671875,3570.0,3599.0,3541.0,3588.0,21824800
2024-02-29,2744.445068359375,2805.0,2807.5,2777.0,2793.0,1572320,39363.0234375,40670.0,40740.0,40350.0,40420.0,247664,28805.0,28805.0,28900.0,28350.0,28460.0,5336041,2546.92431640625,2589.0,2595.0,2518.0,2538.0,37086000,3361.33203125,3621.0,3629.0,3540.0,3560.0,42143900
2024-03-01,2773.307861328125,2834.5,2839.5,2801.0,2802.0,1612040,40108.27734375,41440.0,41500.0,40760.0,40810.0,435386,29905.0,29905.0,29985.0,28930.0,29005.0,6889392,2600.04638671875,2643.0,2648.0,2596.0,2605.0,24368000,3416.10107421875,3680.0,3689.0,3586.0,3595.0,29522200
2024-03-04,2773.307861328125,2834.5,2853.0,2829.0,2848.5,1658510,40282.4921875,41620.0,41870.0,41520.0,41800.0,441333,30160.0,30160.0,30470.0,30000.0,30410.0,5202967,2562.6640625,2605.0,2650.0,2601.0,2648.0,20991500,3399.3916015625,3662.0,3704.0,3636.0,3694.0,33112100
2024-03-05,2787.005615234375,2848.5,2854.0,2821.0,2824.0,1322860,40321.20703125,41660.0,41750.0,41360.0,41470.0,381632,30170.0,30170.0,30340.0,29760.0,29930.0,4216756,2547.90771484375,2590.0,2613.0,2584.0,2586.0,17454000,3461.587158203125,3729.0,3742.0,3641.0,3665.0,31082800
2024-03-06,2796.789794921875,2858.5,2864.0,2830.0,2836.5,1470950,40282.4921875,41620.0,41680.0,41290.0,41340.0,446143,30170.0,30170.0,30210.0,29660.0,29755.0,4262741,2548.8916015625,2591.0,2607.0,2567.0,2576.0,21473000,3498.718505859375,3769.0,3772.0,3690.0,3729.0,31920900
2024-03-07,2783.58154296875,2845.0,2884.5,2841.5,2874.0,1599200,39759.84765625,41080.0,42010.0,41010.0,41930.0,508041,29395.0,29395.0,30720.0,29265.0,30580.0,7935605,2544.956787109375,2587.0,2601.0,2579.0,2581.0,16644500,3397.534912109375,3660.0,3811.0,3640.0,3799.0,44389400
2024-03-08,2789.451904296875,2851.0,2872.5,2829.5,2849.5,2122240,39827.59765625,41150.0,41500.0,41040.0,41210.0,314027,29500.0,29500.0,29975.0,29305.0,29565.0,5700893,2551.843017578125,2594.0,2607.0,2560.0,2560.0,22807000,3351.12060546875,3610.0,3665.0,3595.0,3644.0,39889700
2024-03-11,2731.236328125,2791.5,2824.0,2761.0,2824.0,5700710,39014.58984375,40310.0,40510.0,39970.0,40500.0,610541,28220.0,28220.0,28545.0,27765.0,28505.0,7437028,2507.574462890625,2549.0,2583.0,2521.0,2560.0,20040000,3247.15234375,3498.0,3530.0,3443.0,3500.0,34641400
2024-03-12,2719.495361328125,2779.5,2781.0,2739.5,2767.5,2219430,39004.9140625,40300.0,40300.0,39730.0,39960.0,532307,28220.0,28220.0,28250.0,27450.0,27780.0,6098650,2543.973388671875,2586.0,2589.0,2514.0,2525.0,18760500,3225.802001953125,3475.0,3475.0,3398.0,3441.0,40384800
2024-03-13,2712.1572265625,2772.0,2806.0,2754.0,2806.0,1544540,38869.41015625,40160.0,40670.0,39910.0,40670.0,373503,28040.0,28040.0,28735.0,27700.0,28720.0,6219853,2557.745361328125,2600.0,2619.0,2584.0,2600.0,15942000,3197.025146484375,3444.0,3536.0,3405.0,3506.0,32358800
2024-03-14,2728.30126953125,2788.5,2788.5,2760.5,2773.0,1636380,39004.9140625,40300.0,40310.0,39850.0,40060.0,220529,28255.0,28255.0,28255.0,27620.0,27900.0,3799281,2568.56640625,2611.0,2619.0,2576.0,2577.0,14595500,3197.953125,3445.0,3463.0,3415.0,3450.0,21846100
2024-03-15,2735.63916015625,2796.0,2807.0,2774.5,2776.0,1032550,38869.41015625,40160.0,40270.0,39960.0,39990.0,201576,28055.0,28055.0,28215.0,27765.0,27800.0,3907802,2570.5341796875,2613.0,2622.0,2597.0,2605.0,16083000,3237.86962890625,3488.0,3509.0,3424.0,3433.0,33847800
2024-03-18,2787.984375,2849.5,2851.0,2811.0,2814.0,1769860,39895.34765625,41220.0,41220.0,40410.0,40450.0,445404,29550.0,29550.0,29550.0,28390.0,28460.0,6020605,2622.673095703125,2666.0,2679.0,2619.0,2621.0,18475500,3311.204345703125,3567.0,3576.0,3504.0,3515.0,26489600
2024-03-19,2817.82568359375,2880.0,2880.0,2840.0,2845.0,2949990,40127.6328125,41460.0,41480.0,40880.0,41070.0,437795,29900.0,29900.0,29915.0,29045.0,29320.0,7042682,2648.250244140625,2692.0,2692.0,2647.0,2666.0,17434500,3411.45947265625,3675.0,3675.0,3559.0,3574.0,33925900
2024-03-21,2864.30029296875,2927.5,2929.5,2910.5,2922.5,3452480,40959.99609375,42320.0,42370.0,41960.0,42150.0,516765,31140.0,31140.0,31200.0,30610.0,30800.0,6797561,2641.364013671875,2685.0,2735.0,2676.0,2718.0,22370500,3526.567626953125,3799.0,3829.0,3776.0,3800.0,45118200
2024-03-22,2882.89013671875,2946.5,2953.5,2930.0,2940.0,1552510,41066.4609375,42430.0,42640.0,42240.0,42550.0,292921,31320.0,31320.0,31600.0,31020.0,31470.0,5052415,2646.28271484375,2690.0,2708.0,2670.0,2690.0,16599000,3594.332275390625,3872.0,3890.0,3811.0,3829.0,38840700
2024-03-25,2844.732177734375,2907.5,2939.0,2907.0,2938.5,1649630,40601.88671875,41950.0,42380.0,41950.0,42330.0,272689,30590.0,30590.0,31230.0,30590.0,31130.0,3675868,2567.5830078125,2610.0,2670.0,2608.0,2670.0,18322500,3555.34423828125,3830.0,3886.0,3823.0,3850.0,28829300
2024-03-26,2851.091796875,2914.0,2917.0,2896.0,2906.5,1663420,40621.2421875,41970.0,42060.0,41800.0,41920.0,334272,30580.0,30580.0,30750.0,30360.0,30560.0,3077201,2579.387939453125,2622.0,2637.0,2608.0,2614.0,13636500,3573.909912109375,3850.0,3860.0,3789.0,3829.0,30536000
2024-03-27,2865.767822265625,2929.0,2943.0,2922.0,2927.0,2052060,40911.6015625,42270.0,42500.0,41980.0,42030.0,496453,31080.0,31080.0,31410.0,30620.0,30700.0,4582099,2598.0791015625,2641.0,2649.0,2605.0,2620.0,18742500,3576.69482421875,3853.0,3891.0,3846.0,3875.0,35165500
2024-03-28,2845.71044921875,2908.5,2935.5,2901.5,2922.0,2817360,40572.8515625,41920.0,42270.0,41830.0,42190.0,264266,30460.0,30460.0,31010.0,30380.0,30860.0,4728495,2552.672119140625,2586.0,2618.0,2582.0,2606.0,22988500,3574.816162109375,3806.0,3854.0,3782.0,3839.0,34646300
2024-03-29,2860.386474609375,2923.5,2930.5,2913.0,2915.5,1212370,40776.10546875,42130.0,42250.0,42060.0,42120.0,73246,30810.0,30810.0,30980.0,30690.0,30790.0,2742012,2560.56884765625,2594.0,2614.0,2590.0,2599.0,5762000,3568.24169921875,3799.0,3833.0,3792.0,3804.0,12094300
2024-04-01,2810.487548828125,2872.5,2940.0,2865.5,2915.5,3015300,40253.45703125,41590.0,42530.0,41470.0,42120.0,752957,30000.0,30000.0,31400.0,29825.0,30790.0,6705076,2579.323974609375,2613.0,2632.0,2598.0,2612.0,13609000,3417.960205078125,3639.0,3824.0,3616.0,3801.0,38828100
2024-04-02,2802.171142578125,2864.0,2897.5,2857.0,2880.5,1515640,40282.4921875,41620.0,41950.0,41470.0,41690.0,290504,30040.0,30040.0,30530.0,29850.0,30160.0,4603474,2572.4140625,2606.0,2627.0,2589.0,2614.0,16619000,3412.32470703125,3633.0,3705.0,3616.0,3685.0,31273800
2024-04-03,2795.8115234375,2857.5,2868.5,2838.0,2852.0,2414300,39905.02734375,41230.0,41400.0,40960.0,41280.0,271665,29465.0,29465.0,29735.0,29115.0,29580.0,5605458,2567.478759765625,2601.0,2624.0,2586.0,2624.0,17975500,3400.1142578125,3620.0,3656.0,3597.0,3633.0,30222400
2024-04-04,2824.185302734375,2886.5,2907.0,2882.0,2887.5,2334480,40263.13671875,41600.0,42050.0,41560.0,41800.0,304804,30000.0,30000.0,30660.0,29965.0,30250.0,4490504,2571.427001953125,2605.0,2635.0,2596.0,2620.0,16424500,3444.259521484375,3667.0,3739.0,3652.0,3670.0,33637800
2024-04-05,2792.386962890625,2854.0,2858.0,2830.0,2848.5,4335010,39430.7734375,40740.0,40990.0,40500.0,40900.0,726046,28775.0,28775.0,29135.0,28430.0,29055.0,7399743,2523.05859375,2556.0,2590.0,2544.0,2590.0,15424500,3399.175048828125,3619.0,3632.0,3568.0,3605.0,26966800
2024-04-08,2818.803955078125,2881.0,2895.0,2871.0,2875.0,1561330,39721.12890625,41040.0,41370.0,40920.0,41130.0,858698,29250.0,29250.0,29680.0,29050.0,29275.0,5056017,2527.007080078125,2560.0,2591.0,2551.0,2560.0,13045000,3473.37646484375,3698.0,3700.0,3642.0,3665.0,23272600
2024-04-09,2844.732177734375,2907.5,2910.5,2886.5,2890.5,944750,40176.02734375,41510.0,41520.0,41210.0,41240.0,541933,29895.0,29895.0,29895.0,29455.0,29500.0,4032892,2542.80078125,2576.0,2576.0,2549.0,2560.0,10805500,3546.638671875,3776.0,3776.0,3716.0,3740.0,22518400
2024-04-10,2833.969482421875,2896.5,2907.0,2893.0,2904.0,1135890,39992.1328125,41320.0,41470.0,41250.0,41350.0,368064,29560.0,29560.0,29815.0,29505.0,29640.0,3657935,2558.594482421875,2592.0,2597.0,2560.0,2569.0,10901500,3512.8251953125,3740.0,3760.0,3722.0,3750.0,17062700
2024-04-11,2838.86181640625,2901.5,2904.5,2870.5,2872.0,1456890,39866.30859375,41190.0,41230.0,40770.0,40790.0,283983,29425.0,29425.0,29465.0,28835.0,28975.0,4146809,2537.865234375,2571.0,2576.0,2559.0,2560.0,10338000,3551.334716796875,3781.0,3795.0,3721.0,3722.0,23458700
2024-04-12,2853.048583984375,2916.0,2924.0,2905.0,2916.0,2316450,39982.453125,41310.0,41540.0,41200.0,41480.0,366925,29545.0,29545.0,29910.0,29425.0,29810.0,4518555,2574.388427734375,2608.0,2626.0,2585.0,2608.0,16154000,3538.185302734375,3767.0,3815.0,3755.0,3813.0,21094100
2024-04-15,2841.796875,2904.5,2906.5,2871.5,2896.0,1663770,39614.66796875,40930.0,40940.0,40530.0,40760.0,398771,29070.0,29070.0,29070.0,28460.0,28780.0,6049233,2538.852294921875,2572.0,2605.0,2544.0,2600.0,14991500,3538.185302734375,3767.0,3767.0,3685.0,3721.0,21091500
2024-04-16,2784.559814453125,2846.0,2895.0,2840.5,2895.0,2678000,38869.41015625,40160.0,40410.0,40020.0,40400.0,659785,27980.0,27980.0,28295.0,27750.0,28215.0,7772094,2553.6591796875,2587.0,2588.0,2533.0,2551.0,16050000,3427.352783203125,3649.0,3753.0,3630.0,3742.0,29226300
2024-04-17,2750.8046875,2811.5,2856.5,2810.5,2850.0,2681700,38404.8359375,39680.0,40350.0,39660.0,40340.0,590471,27255.0,27255.0,28195.0,27240.0,28180.0,6956670,2500.35498046875,2533.0,2564.0,2513.0,2560.0,15644500,3378.51123046875,3597.0,3691.0,3570.0,3686.0,24105100
2024-04-18,2766.9482421875,2828.0,2840.0,2799.5,2809.0,2451240,38482.265625,39760.0,39910.0,39310.0,39440.0,517439,27385.0,27385.0,27595.0,26760.0,26930.0,6323449,2519.10986328125,2552.0,2567.0,2541.0,2542.0,12211000,3383.207763671875,3602.0,3634.0,3559.0,3567.0,20201900
2024-04-19,2714.603515625,2774.5,2809.5,2744.0,2808.0,4448070,37456.328125,38700.0,39320.0,38360.0,39320.0,1281363,25960.0,25960.0,26700.0,25445.0,26695.0,12047530,2473.703125,2506.0,2557.0,2463.0,2556.0,22808000,3308.067138671875,3522.0,3569.0,3453.0,3550.0,35457300
2024-04-22,2753.25048828125,2814.0,2824.0,2792.0,2817.0,2589980,37862.8359375,39120.0,39170.0,38690.0,38850.0,425549,26460.0,26460.0,26545.0,25890.0,26150.0,6338029,2473.703125,2506.0,2539.0,2504.0,2520.0,13075000,3303.370849609375,3517.0,3610.0,3501.0,3540.0,26643700
2024-04-23,2743.46630859375,2804.0,2839.0,2804.0,2832.5,1752540,38008.01171875,39270.0,39510.0,39070.0,39460.0,437308,26560.0,26560.0,26985.0,26380.0,26905.0,4920708,2466.793212890625,2499.0,2522.0,2482.0,2511.0,14507000,3297.7353515625,3511.0,3594.0,3492.0,3592.0,21861900
2024-04-24,2797.768310546875,2859.5,2863.0,2830.0,2833.5,1361660,38821.015625,40110.0,40140.0,39680.0,39700.0,313919,27830.0,27830.0,27845.0,27255.0,27255.0,6007633,2534.904052734375,2568.0,2585.0,2514.0,2516.0,19049000,3398.235595703125,3618.0,3620.0,3526.0,3551.0,29269700
2024-04-25,2754.22900390625,2815.0,2850.0,2812.0,2838.0,1226950,38037.046875,39300.0,39710.0,39270.0,39580.0,296707,26705.0,26705.0,27245.0,26630.0,27165.0,5484206,2519.10986328125,2552.0,2578.0,2543.0,2570.0,10242000,3284.585693359375,3497.0,3604.0,3497.0,3560.0,27833100
2024-04-26,2771.840576171875,2833.0,2846.5,2802.5,2820.0,2183440,38337.0859375,39610.0,39800.0,39220.0,39450.0,300350,27110.0,27110.0,27340.0,26555.0,26900.0,5094366,2521.08447265625,2554.0,2569.0,2530.0,2558.0,16462000,3296.796142578125,3510.0,3549.0,3468.0,3502.0,30255300
2024-04-30,2830.544921875,2893.0,2901.5,2867.5,2868.0,2965270,38772.625,40060.0,40310.0,39860.0,40050.0,312170,27705.0,27705.0,28060.0,27435.0,27610.0,5037880,2583.2724609375,2617.0,2625.0,2582.0,2606.0,16920000,3417.021240234375,3638.0,3640.0,3556.0,3577.0,35459100
2024-05-01,2819.29345703125,2881.5,2895.0,2868.5,2876.5,2815720,38646.80078125,39930.0,40130.0,39710.0,39760.0,232618,27535.0,27535.0,27805.0,27210.0,27270.0,4017144,2586.233642578125,2620.0,2623.0,2586.0,2588.0,9805000,3386.025390625,3605.0,3659.0,3576.0,3600.0,27076000
2024-05-02,2821.739501953125,2884.0,2890.0,2865.5,2875.5,1274990,38646.80078125,39930.0,40060.0,39620.0,39730.0,231251,27550.0,27550.0,27680.0,27090.0,27230.0,3767366,2578.336669921875,2612.0,2616.0,2593.0,2612.0,9238000,3363.483154296875,3581.0,3622.0,3559.0,3581.0,20164900
2024-05-07,2838.372314453125,2901.0,2910.5,2881.5,2910.0,2310340,39198.484375,40500.0,40640.0,40240.0,40610.0,257132,28285.0,28285.0,28425.0,27930.0,28365.0,5167019,2503.31640625,2536.0,2566.0,2502.0,2552.0,28968500,3380.39013671875,3599.0,3650.0,3562.0,3650.0,25496600
2024-05-08,2800.21435546875,2862.0,2895.0,2858.5,2888.0,1607200,38627.4453125,39910.0,40470.0,39840.0,40400.0,275094,27445.0,27445.0,28245.0,27365.0,28135.0,4931918,2378.9404296875,2410.0,2499.0,2410.0,2476.0,34840500,3361.604736328125,3579.0,3674.0,3453.0,3547.0,68295000
2024-05-09,2804.1279296875,2866.0,2885.5,2859.0,2872.5,1142850,38482.265625,39760.0,40140.0,39740.0,39980.0,189215,27250.0,27250.0,27775.0,27235.0,27540.0,3432758,2343.404052734375,2374.0,2435.0,2374.0,2421.0,32704000,3313.702392578125,3528.0,3595.0,3473.0,3595.0,40742400
2024-05-10,2818.803955078125,2881.0,2911.0,2872.0,2891.0,2178360,38646.80078125,39930.0,40460.0,39800.0,40170.0,328159,27495.0,27495.0,28230.0,27320.0,27870.0,6057264,2311.81640625,2342.0,2359.0,2307.0,2307.0,36702500,3216.958984375,3425.0,3540.0,3386.0,3504.0,50941700
2024-05-13,2816.358154296875,2878.5,2884.0,2864.0,2880.0,1135800,38569.375,39850.0,39970.0,39640.0,39880.0,259697,27375.0,27375.0,27540.0,27085.0,27395.0,3731496,2353.275146484375,2384.0,2397.0,2349.0,2354.0,20327500,3161.542724609375,3366.0,3434.0,3351.0,3417.0,30544300
2024-05-14,2820.271728515625,2882.5,2898.5,2865.5,2883.5,1164000,38724.23046875,40010.0,40190.0,39760.0,39960.0,353969,27605.0,27605.0,27835.0,27250.0,27480.0,3664797,2362.1591796875,2393.0,2412.0,2376.0,2382.0,21388500,3183.145751953125,3389.0,3434.0,3349.0,3350.0,31178100
2024-05-15,2825.163818359375,2887.5,2915.0,2885.0,2899.0,1036310,38782.3046875,40070.0,40540.0,40040.0,40340.0,264904,27700.0,27700.0,28325.0,27615.0,28045.0,4790051,2556.6201171875,2590.0,2683.0,2590.0,2607.0,58616500,3200.99169921875,3408.0,3457.0,3405.0,3409.0,23592600
2024-05-16,2829.07763671875,2891.5,2905.5,2872.5,2900.0,2841420,39333.984375,40640.0,40680.0,40220.0,40480.0,317755,28460.0,28460.0,28510.0,27870.0,28200.0,5927690,2569.452880859375,2603.0,2671.0,2589.0,2640.0,24774500,3148.39306640625,3352.0,3407.0,3319.0,3405.0,29023000
2024-05-17,2839.840087890625,2902.5,2905.5,2875.5,2881.0,2273400,39179.125,40480.0,40570.0,40240.0,40310.0,226039,28250.0,28250.0,28355.0,27895.0,28015.0,4075323,2586.233642578125,2620.0,2628.0,2588.0,2601.0,15093500,3227.291015625,3436.0,3438.0,3353.0,3367.0,22329600
2024-05-20,2864.78955078125,2928.0,2943.5,2899.0,2899.0,1800490,39517.8828125,40830.0,41190.0,40420.0,40480.0,504806,28695.0,28695.0,29220.0,28130.0,28220.0,7129539,2579.323974609375,2613.0,2636.0,2606.0,2616.0,13014500,3237.622802734375,3447.0,3478.0,3417.0,3438.0,23715900
2024-05-21,2854.02685546875,2917.0,2945.0,2915.5,2937.5,1330760,39363.0234375,40670.0,41100.0,40670.0,41040.0,235222,28490.0,28490.0,29095.0,28490.0,29025.0,3778998,2542.80078125,2576.0,2615.0,2572.0,2612.0,11360500,3228.22998046875,3437.0,3479.0,3421.0,3467.0,16456200
2024-05-22,2830.544921875,2893.0,2915.5,2892.5,2912.5,991290,39043.625,40340.0,40630.0,40310.0,40630.0,250340,28010.0,28010.0,28415.0,27975.0,28415.0,4179233,2528.981201171875,2562.0,2573.0,2535.0,2568.0,17667500,3182.20654296875,3388.0,3429.0,3385.0,3424.0,19191500
2024-05-23,2850.11328125,2913.0,2915.0,2878.5,2901.0,1804680,39527.55859375,40840.0,40890.0,40340.0,40620.0,262203,28720.0,28720.0,28770.0,28015.0,28415.0,5019282,2543.7880859375,2577.0,2600.0,2564.0,2564.0,11208500,3196.295166015625,3403.0,3416.0,3351.0,3387.0,16120400
2024-05-24,2833.969482421875,2896.5,2905.0,2866.5,2874.0,1685750,39062.984375,40360.0,40480.0,40060.0,40150.0,290321,28025.0,28025.0,28195.0,27630.0,27720.0,5163709,2497.393798828125,2530.0,2559.0,2520.0,2555.0,14771000,3186.902587890625,3393.0,3407.0,3309.0,3320.0,20602300
2024-05-27,2861.854248046875,2925.0,2925.0,2902.5,2905.5,1338370,39304.94921875,40610.0,40620.0,40380.0,40490.0,175244,28400.0,28400.0,28400.0,28070.0,28225.0,3051578,2478.63818359375,2511.0,2520.0,2487.0,2516.0,11532500,3240.440673828125,3450.0,3450.0,3403.0,3419.0,14620900
2024-05-28,2863.322021484375,2926.5,2930.0,2917.0,2924.5,1043550,39275.9140625,40580.0,40720.0,40470.0,40640.0,142026,28340.0,28340.0,28540.0,28190.0,28400.0,3250769,2483.57421875,2516.0,2528.0,2502.0,2514.0,8638000,3238.56201171875,3448.0,3452.0,3416.0,3440.0,14393400
2024-05-29,2835.437255859375,2898.0,2943.0,2895.5,2924.0,2368120,38946.83984375,40240.0,40890.0,40230.0,40600.0,175631,27865.0,27865.0,28775.0,27850.0,28375.0,5159710,2466.793212890625,2499.0,2530.0,2489.0,2507.0,13205000,3184.0849609375,3390.0,3452.0,3390.0,3435.0,19973000
2024-05-30,2818.31494140625,2880.5,2886.5,2848.0,2865.5,1976060,38433.87109375,39710.0,39810.0,39290.0,39760.0,426255,27150.0,27150.0,27260.0,26540.0,27000.0,7537450,2497.393798828125,2530.0,2540.0,2462.0,2478.0,21662000,3127.7294921875,3330.0,3358.0,3307.0,3350.0,23500000
2024-05-31,2886.314697265625,2950.0,2950.0,2891.5,2891.5,2118740,38908.12890625,40200.0,40240.0,39780.0,39810.0,227344,27810.0,27810.0,27845.0,27225.0,27270.0,5155442,2545.76220703125,2579.0,2588.0,2554.0,2570.0,28921500,3194.4169921875,3401.0,3401.0,3348.0,3370.0,34664500
2024-06-03,2894.631103515625,2958.5,2970.0,2950.0,2951.5,1495210,39353.34375,40660.0,40770.0,40450.0,40470.0,240471,28470.0,28470.0,28590.0,28140.0,28180.0,5282467,2583.2724609375,2617.0,2640.0,2588.0,2590.0,16333000,3138.061279296875,3341.0,3428.0,3321.0,3402.0,34205700
2024-06-04,2883.868408203125,2947.5,2959.0,2935.0,2939.0,1273890,39246.87890625,40550.0,40600.0,40290.0,40390.0,212998,28270.0,28270.0,28365.0,27915.0,28060.0,4743551,2633.615234375,2668.0,2693.0,2615.0,2617.0,21399000,3097.67333984375,3298.0,3339.0,3284.0,3300.0,31397200
2024-06-05,2841.796875,2904.5,2928.0,2899.5,2927.0,2427300,38888.765625,40180.0,40310.0,40040.0,40280.0,229198,27750.0,27750.0,27945.0,27565.0,27915.0,5719307,2652.370361328125,2687.0,2701.0,2664.0,2670.0,16362000,3022.532470703125,3218.0,3259.0,3203.0,3250.0,29958300
2024-06-06,2851.091796875,2914.0,2932.5,2910.0,2926.0,2272560,39159.76953125,40460.0,40800.0,40420.0,40720.0,161637,28115.0,28115.0,28550.0,28075.0,28545.0,4798277,2680.009521484375,2715.0,2740.0,2707.0,2710.0,22851000,3074.19189453125,3273.0,3302.0,3249.0,3258.0,23424700
2024-06-07,2849.6240234375,2912.5,2918.0,2904.5,2910.0,954540,39072.6640625,40370.0,40470.0,40260.0,40350.0,370970,28040.0,28040.0,28160.0,27875.0,27980.0,3544977,2650.39599609375,2685.0,2700.0,2663.0,2682.0,12811000,3023.471923828125,3219.0,3271.0,3194.0,3266.0,24229500
2024-06-10,2878.9765625,2942.5,2945.5,2916.0,2916.0,1157630,39459.80859375,40770.0,40830.0,40380.0,40380.0,182145,28605.0,28605.0,28640.0,28025.0,28025.0,4424477,2637.5634765625,2672.0,2708.0,2668.0,2685.0,10698000,3073.25244140625,3272.0,3289.0,3223.0,3236.0,17848400
2024-06-11,2873.10595703125,2936.5,2963.0,2932.5,2949.0,1046550,39537.23828125,40850.0,41080.0,40810.0,40890.0,242235,28695.0,28695.0,29005.0,28625.0,28725.0,4760788,2633.615234375,2668.0,2679.0,2657.0,2673.0,11838500,3056.345947265625,3254.0,3306.0,3247.0,3262.0,19196400
2024-06-12,2848.645751953125,2911.5,2920.5,2909.0,2914.0,1168460,39295.2734375,40600.0,40680.0,40530.0,40620.0,141315,28370.0,28370.0,28445.0,28230.0,28350.0,4050915,2587.220947265625,2621.0,2662.0,2609.0,2646.0,14668500,3014.079345703125,3209.0,3218.0,3191.0,3200.0,17408700
2024-06-13,2822.7177734375,2885.0,2930.0,2885.0,2929.5,1980530,39130.734375,40430.0,41030.0,40420.0,40990.0,183005,28080.0,28080.0,28920.0,28055.0,28810.0,5078134,2618.808349609375,2653.0,2694.0,2643.0,2664.0,19416000,2937.99951171875,3128.0,3227.0,3127.0,3226.0,26927900
2024-06-14,2840.3291015625,2903.0,2911.5,2865.0,2876.5,1761980,39246.87890625,40550.0,40770.0,40250.0,40310.0,241466,28235.0,28235.0,28525.0,27815.0,27910.0,5080861,2573.401611328125,2607.0,2637.0,2605.0,2618.0,25029500,2926.728271484375,3116.0,3132.0,3055.0,3058.0,40221400
2024-06-17,2791.40869140625,2853.0,2881.5,2846.0,2881.0,2783480,38491.9453125,39770.0,40160.0,39630.0,40160.0,467609,27120.0,27120.0,27740.0,26935.0,27735.0,6788060,2506.278076171875,2539.0,2569.0,2526.0,2565.0,16460500,2851.587646484375,3036.0,3063.0,3010.0,3056.0,28829800
2024-06-18,2809.02001953125,2871.0,2878.0,2862.5,2875.5,1020900,38840.375,40130.0,40220.0,40020.0,40140.0,220285,27615.0,27615.0,27735.0,27465.0,27620.0,4318165,2496.406494140625,2529.0,2564.0,2517.0,2546.0,15036500,2866.61572265625,3052.0,3086.0,3041.0,3068.0,19056000
2024-06-19,2824.185302734375,2886.5,2892.5,2875.5,2879.0,1185650,38927.484375,40220.0,40510.0,40150.0,40350.0,249096,27735.0,27735.0,28145.0,27630.0,27925.0,3986549,2521.08447265625,2554.0,2563.0,2519.0,2520.0,15983500,2918.275146484375,3107.0,3113.0,3069.0,3076.0,17496200
2024-06-20,2820.271728515625,2882.5,2884.0,2858.5,2875.0,895900,39033.9453125,40330.0,40350.0,39950.0,40100.0,141755,27900.0,27900.0,27905.0,27360.0,27555.0,3774483,2526.020263671875,2559.0,2578.0,2531.0,2560.0,10242500,2896.672119140625,3084.0,3094.0,3051.0,3091.0,15757100
2024-06-21,2817.336669921875,2879.5,2906.0,2877.5,2890.5,1548380,39024.26953125,40320.0,40510.0,40240.0,40330.0,132739,27855.0,27855.0,28130.0,27750.0,27870.0,3520195,2528.981201171875,2562.0,2604.0,2556.0,2564.0,35333000,2887.279541015625,3074.0,3136.0,3074.0,3102.0,32553700
2024-06-24,2833.969482421875,2896.5,2906.5,2878.0,2880.5,1224890,39227.51953125,40530.0,40630.0,40100.0,40190.0,195496,28165.0,28165.0,28290.0,27560.0,27665.0,4469182,2551.684814453125,2585.0,2604.0,2559.0,2569.0,11974500,2958.662841796875,3150.0,3177.0,3114.0,3123.0,30864600
2024-06-25,2883.868408203125,2947.5,2948.5,2909.0,2910.5,1596800,39595.30859375,40910.0,40960.0,40470.0,40490.0,164436,28710.0,28710.0,28750.0,28065.0,28115.0,4976773,2600.053466796875,2634.0,2638.0,2608.0,2618.0,12881000,3095.794921875,3296.0,3307.0,3168.0,3199.0,44118500
2024-06-26,2896.098876953125,2960.0,2967.0,2940.0,2955.0,1362120,40117.95703125,41450.0,41560.0,40970.0,41130.0,385329,29420.0,29420.0,29595.0,28760.0,28995.0,6857436,2627.6923828125,2662.0,2675.0,2635.0,2658.0,16757000,3077.009521484375,3276.0,3317.0,3251.0,3315.0,31440900
2024-06-27,2886.8037109375,2950.5,2959.0,2941.5,2950.0,942060,39779.203125,41100.0,41190.0,40950.0,41150.0,253377,28910.0,28910.0,29085.0,28740.0,28995.0,4439944,2671.12548828125,2706.0,2712.0,2657.0,2660.0,19658000,3064.79931640625,3263.0,3301.0,3248.0,3300.0,58733800
2024-06-28,2904.415283203125,2968.5,2985.0,2963.5,2968.0,6896080,40011.48828125,41340.0,41590.0,41260.0,41330.0,210161,29250.0,29250.0,29600.0,29150.0,29270.0,5524933,2692.84228515625,2728.0,2769.0,2710.0,2750.0,19989000,3090.1591796875,3290.0,3314.0,3271.0,3299.0,26051600
2024-07-01,2921.048095703125,2985.5,3003.0,2980.0,2995.0,1873750,40040.52734375,41370.0,41740.0,41320.0,41620.0,262908,29310.0,29310.0,29835.0,29225.0,29660.0,4936186,2714.558349609375,2750.0,2770.0,2732.0,2759.0,17069000,3084.523681640625,3284.0,3326.0,3261.0,3325.0,23624800
2024-07-02,2953.824951171875,3019.0,3026.0,2984.5,2989.5,1474040,40476.06640625,41820.0,41930.0,41220.0,41260.0,367480,30030.0,30030.0,30100.0,29105.0,29205.0,6218824,2756.01708984375,2792.0,2795.0,2734.0,2756.0,20032500,3130.54736328125,3333.0,3338.0,3267.0,3285.0,30146300
2024-07-03,2981.220703125,3047.0,3047.0,3014.0,3024.0,1575890,40989.03125,42350.0,42500.0,41950.0,42000.0,493011,30800.0,30800.0,30970.0,30150.0,30230.0,5860718,2746.145751953125,2782.0,2799.0,2758.0,2780.0,14553500,3123.033447265625,3325.0,3348.0,3293.0,3345.0,23954600
2024-07-04,3002.74560546875,3069.0,3069.0,3045.0,3048.0,1367470,41327.78515625,42700.0,42770.0,42400.0,42500.0,378976,31340.0,31340.0,31380.0,30820.0,31000.0,4578929,2747.133056640625,2783.0,2803.0,2772.0,2790.0,14137000,3185.024169921875,3391.0,3399.0,3337.0,3351.0,23049300
2024-07-05,2979.263671875,3045.0,3075.0,3044.0,3069.0,880040,40727.7109375,42080.0,42370.0,41970.0,42210.0,317410,31240.0,31240.0,31600.0,31040.0,31360.0,4409226,2760.95263671875,2797.0,2799.0,2774.0,2781.0,10044500,3117.397705078125,3319.0,3399.0,3311.0,3384.0,24261800
2024-07-08,2969.479736328125,3035.0,3055.0,3033.0,3045.0,1452180,41284.65625,42030.0,42350.0,42010.0,42090.0,181270,31130.0,31130.0,31590.0,31100.0,31240.0,3481767,2746.145751953125,2782.0,2820.0,2774.0,2799.0,16185500,3085.462890625,3285.0,3319.0,3277.0,3319.0,20618800
2024-07-09,2940.127197265625,3005.0,3017.0,2977.5,2991.5,2431690,42099.9375,42860.0,43020.0,42180.0,42190.0,539476,32350.0,32350.0,32610.0,31350.0,31400.0,6851339,2883.3544921875,2921.0,2950.0,2776.0,2797.0,32922500,3071.3740234375,3270.0,3296.0,3232.0,3272.0,25590500
2024-07-10,3016.845458984375,3024.0,3024.0,2994.5,3001.0,3033070,42355.32421875,43120.0,43160.0,42670.0,42730.0,254234,32790.0,32790.0,32810.0,32080.0,32150.0,5068600,2930.73583984375,2969.0,2977.0,2898.0,2900.0,28320000,3091.0986328125,3291.0,3299.0,3256.0,3261.0,23264100
2024-07-11,3036.798095703125,3044.0,3060.0,3034.0,3051.0,2800940,42738.41015625,43510.0,43710.0,43370.0,43650.0,293936,33410.0,33410.0,33650.0,33140.0,33580.0,4979668,3036.35693359375,3076.0,3097.0,3008.0,3008.0,33871000,3084.523681640625,3284.0,3326.0,3283.0,3323.0,22399000
2024-07-12,2999.885498046875,3007.0,3026.0,2991.5,3001.0,2356000,41707.03125,42460.0,42930.0,42420.0,42930.0,454711,31700.0,31700.0,32420.0,31670.0,32320.0,6182556,2987.988525390625,3027.0,3061.0,3005.0,3060.0,27366000,3075.131103515625,3274.0,3292.0,3240.0,3249.0,23807400
2024-07-16,3004.873779296875,3012.0,3033.0,3011.0,3017.0,2142640,41756.14453125,42510.0,42770.0,42450.0,42590.0,190623,31770.0,31770.0,32180.0,31710.0,31930.0,3636917,2981.07861328125,3020.0,3051.0,2988.0,3050.0,14639000,3070.434814453125,3269.0,3306.0,3268.0,3294.0,16490100
2024-07-17,3017.843017578125,3025.0,3039.0,3020.0,3033.0,1686250,41579.3359375,42330.0,42730.0,42290.0,42730.0,228549,31530.0,31530.0,32100.0,31460.0,32100.0,3899606,2997.859619140625,3037.0,3048.0,3014.0,3020.0,13442000,3056.345947265625,3254.0,3285.0,3247.0,3264.0,16439900
2024-07-18,2967.96142578125,2975.0,3005.0,2972.5,2981.0,2719600,40616.71484375,41350.0,41650.0,41320.0,41340.0,381272,30070.0,30070.0,30490.0,30030.0,30130.0,5926574,2898.1611328125,2936.0,2996.0,2932.0,2980.0,19999500,2950.209716796875,3141.0,3185.0,3141.0,3151.0,25086900
2024-07-19,2945.015625,2952.0,2980.5,2951.5,2970.5,2269930,40518.48828125,41250.0,41440.0,41040.0,41270.0,217229,29895.0,29895.0,30180.0,29590.0,29930.0,4861366,2896.18701171875,2934.0,2936.0,2894.0,2920.0,14130500,2942.69580078125,3133.0,3159.0,3110.0,3147.0,18962200
2024-07-22,2926.5595703125,2933.5,2968.5,2931.0,2965.0,1724010,40047.0,40770.0,41170.0,40710.0,41130.0,247432,29175.0,29175.0,29780.0,29120.0,29705.0,5205918,2854.728271484375,2892.0,2957.0,2877.0,2949.0,11453000,2902.307373046875,3090.0,3117.0,3085.0,3105.0,16865200
2024-07-23,2936.037109375,2943.0,2960.5,2932.5,2951.5,1249100,40076.46875,40800.0,41140.0,40710.0,41110.0,220860,29220.0,29220.0,29715.0,29110.0,29670.0,4707374,2833.01171875,2870.0,2898.0,2849.0,2892.0,11454000,2920.1533203125,3109.0,3156.0,3084.0,3130.0,21568200
2024-07-24,2890.145751953125,2897.0,2937.5,2896.5,2924.0,2029410,39585.3359375,40300.0,40840.0,40280.0,40520.0,381478,28540.0,28540.0,29300.0,28500.0,28815.0,5568505,2800.4375,2837.0,2886.0,2826.0,2870.0,10592500,2911.7001953125,3100.0,3174.0,3092.0,3125.0,26675100
2024-07-25,2810.833984375,2817.5,2849.0,2808.5,2847.0,5778230,38436.08203125,39130.0,39480.0,39000.0,39370.0,913969,26725.0,26725.0,27340.0,26640.0,27320.0,10274188,2648.421875,2683.0,2749.0,2667.0,2746.0,24791000,2836.5595703125,3020.0,3064.0,3006.0,3040.0,30179600
2024-07-26,2823.304443359375,2830.0,2831.5,2797.0,2814.5,2143120,38121.7578125,38810.0,39270.0,38760.0,39030.0,506248,26400.0,26400.0,27035.0,26335.0,26700.0,6348472,2609.92431640625,2644.0,2686.0,2641.0,2656.0,16615000,2732.302001953125,2909.0,3008.0,2908.0,3006.0,40132100
2024-07-29,2856.226318359375,2863.0,2874.0,2829.0,2842.5,1610030,38946.86328125,39650.0,39890.0,39380.0,39470.0,479598,27585.0,27585.0,27875.0,27190.0,27200.0,7192706,2634.6025390625,2669.0,2691.0,2634.0,2690.0,18462500,2786.77880859375,2967.0,2988.0,2932.0,2958.0,28260500
2024-07-30,2850.240478515625,2857.0,2863.0,2836.5,2851.0,1565060,38976.328125,39680.0,39710.0,39250.0,39480.0,321049,27605.0,27605.0,27620.0,26975.0,27280.0,4761422,2692.84228515625,2728.0,2748.0,2681.0,2699.0,16488500,2814.487060546875,2996.5,3024.0,2944.0,2967.0,23232000
2024-07-31,2893.637451171875,2900.5,2906.5,2822.0,2830.5,5146770,39585.3359375,40300.0,40380.0,39110.0,39220.0,989262,28470.0,28470.0,28575.0,26785.0,26860.0,8087421,2671.12548828125,2706.0,2717.0,2658.0,2675.0,16708500,2769.8720703125,2949.0,2962.0,2870.5,2929.0,46261100
2024-08-01,2799.361083984375,2806.0,2868.5,2786.0,2867.0,4647630,38563.77734375,39260.0,39910.0,38880.0,39910.0,569246,26975.0,26975.0,27750.0,26440.0,27700.0,9203878,2583.2724609375,2617.0,2682.0,2585.0,2682.0,18803000,2535.0576171875,2699.0,2912.0,2698.0,2901.0,80069400
2024-08-02,2628.266845703125,2634.5,2706.0,2631.5,2706.0,7249280,36392.96875,37050.0,37860.0,36970.0,37860.0,1284818,23885.0,23885.0,24930.0,23820.0,24625.0,11123638,2411.5146484375,2443.0,2551.0,2426.0,2549.0,30417000,2427.982177734375,2585.0,2652.0,2538.0,2576.0,69193000
2024-08-05,2343.941162109375,2349.5,2568.0,2244.0,2484.5,8615450,32247.8046875,32830.0,35350.0,31750.0,35270.0,2390143,18885.0,18885.0,21725.0,18885.0,21480.0,14204259,2227.912353515625,2257.0,2446.0,2210.0,2364.0,44307000,2096.423828125,2232.0,2461.0,2183.0,2450.0,83087200
2024-08-06,2485.605224609375,2491.5,2563.5,2457.5,2549.5,6870240,34664.1796875,35290.0,35990.0,34290.0,34930.0,1343376,20980.0,20980.0,21765.0,20040.0,20920.0,13621158,2431.257080078125,2463.0,2513.0,2397.0,2511.0,36156500,2365.0517578125,2518.0,2551.5,2405.0,2532.0,68201400
2024-08-07,2577.886474609375,2584.0,2639.5,2458.0,2473.0,6713680,35548.21875,36190.0,36940.0,34460.0,34590.0,1143832,22070.0,22070.0,22940.0,19985.0,20035.0,20509710,2429.28271484375,2461.0,2510.0,2323.0,2371.0,31062000,2348.61474609375,2500.5,2593.0,2371.0,2400.0,59251500
2024-08-08,2547.957275390625,2554.0,2601.5,2526.5,2537.5,5658170,35243.71875,35880.0,36480.0,35220.0,35490.0,641197,21640.0,21640.0,22390.0,20840.0,21320.0,10853907,2426.32177734375,2458.0,2573.0,2437.0,2564.0,31080000,2302.12158203125,2451.0,2506.0,2435.5,2460.0,42502700
2024-08-09,2574.8935546875,2581.0,2610.5,2535.5,2604.0,4220460,35499.10546875,36140.0,36810.0,35480.0,36690.0,809824,22010.0,22010.0,22775.0,21175.0,22585.0,10612204,2433.2314453125,2465.0,2551.0,2440.0,2495.0,29643500,2298.834228515625,2447.5,2503.0,2412.0,2491.5,46964700
2024-08-13,2640.7373046875,2647.0,2650.5,2608.5,2610.5,1889300,36628.7109375,37290.0,37310.0,36670.0,36680.0,627787,23400.0,23400.0,23400.0,22710.0,22750.0,7507367,2555.633544921875,2589.0,2615.0,2558.0,2584.0,23785500,2375.384033203125,2529.0,2534.5,2484.0,2494.0,27855600
2024-08-14,2670.666259765625,2677.0,2698.0,2657.5,2670.0,2807550,36864.45703125,37530.0,37790.0,37160.0,37670.0,636579,23660.0,23660.0,24005.0,23195.0,23850.0,8871091,2582.285400390625,2616.0,2648.0,2593.0,2621.0,18292500,2457.099365234375,2616.0,2636.5,2560.5,2565.0,39296900
2024-08-15,2691.117919921875,2697.5,2718.0,2682.5,2684.0,4225360,37119.84765625,37790.0,38000.0,37440.0,37450.0,515906,24015.0,24015.0,24270.0,23575.0,23580.0,6846530,2542.80078125,2576.0,2608.0,2561.0,2587.0,15926000,2496.078369140625,2657.5,2692.5,2630.5,2642.0,32786600
2024-08-16,2776.41552734375,2783.0,2784.0,2745.0,2765.0,2612240,38534.30859375,39230.0,39300.0,38630.0,38790.0,732026,25855.0,25855.0,25920.0,25085.0,25205.0,9458565,2642.499267578125,2677.0,2680.0,2636.0,2647.0,15116500,2577.7939453125,2744.5,2748.5,2702.5,2745.0,39285800
2024-08-19,2735.5126953125,2742.0,2783.0,2736.0,2769.5,2060020,37817.25390625,38500.0,39280.0,38440.0,38960.0,439793,24850.0,24850.0,25895.0,24800.0,25470.0,7689889,2611.8984375,2646.0,2695.0,2639.0,2664.0,12050000,2498.89599609375,2660.5,2742.0,2651.5,2730.0,28364200
2024-08-20,2763.945068359375,2770.5,2782.0,2756.0,2771.0,1998730,38553.953125,39250.0,39410.0,38860.0,39020.0,556788,25825.0,25825.0,26015.0,25330.0,25495.0,6661818,2619.795654296875,2654.0,2679.0,2652.0,2675.0,13145500,2523.78662109375,2687.0,2707.5,2663.0,2705.5,21607500
2024-08-21,2757.959228515625,2764.5,2770.0,2739.5,2742.0,1890640,38426.26171875,39120.0,39180.0,38690.0,38730.0,247160,25645.0,25645.0,25725.0,25145.0,25230.0,5498209,2642.499267578125,2677.0,2698.0,2637.0,2640.0,11219000,2528.952392578125,2692.5,2697.0,2644.0,2653.0,18491300
2024-08-22,2768.4345703125,2775.0,2778.5,2757.5,2765.0,1267790,38622.71484375,39320.0,39570.0,39030.0,39160.0,324101,25950.0,25950.0,26250.0,25530.0,25710.0,6811424,2639.537841796875,2674.0,2705.0,2661.0,2677.0,14948500,2503.123046875,2665.0,2673.0,2637.5,2661.0,24796000
2024-08-23,2782.4013671875,2789.0,2791.0,2764.0,2776.0,1239440,38828.98828125,39530.0,39580.0,39190.0,39390.0,212297,26225.0,26225.0,26265.0,25755.0,26000.0,5816360,2647.434814453125,2682.0,2683.0,2651.0,2666.0,10098500,2519.090087890625,2682.0,2694.0,2652.0,2675.0,18906700
2024-08-26,2753.96875,2760.5,2775.5,2747.5,2769.5,1541500,38504.83984375,39200.0,39340.0,38960.0,39260.0,227118,25790.0,25790.0,25945.0,25435.0,25840.0,5198037,2645.46044921875,2680.0,2692.0,2640.0,2655.0,9738000,2439.722900390625,2597.5,2649.0,2576.0,2636.0,28414600
2024-08-27,2773.422607421875,2780.0,2786.5,2754.0,2763.5,1362500,38730.76171875,39430.0,39520.0,39060.0,39150.0,161034,26100.0,26100.0,26180.0,25570.0,25740.0,5151862,2720.481201171875,2756.0,2765.0,2671.0,2671.0,14895000,2483.3984375,2644.0,2652.0,2600.0,2610.5,19290300
2024-08-28,2787.3896484375,2794.0,2794.5,2772.0,2776.5,947560,38838.8125,39540.0,39540.0,39290.0,39390.0,158335,26170.0,26170.0,26190.0,25880.0,26015.0,4540651,2782.669189453125,2819.0,2830.0,2758.0,2762.0,16428000,2579.67236328125,2746.5,2756.0,2697.0,2699.0,44921600
2024-08-29,2788.885986328125,2795.5,2798.0,2779.0,2785.0,759750,38819.16796875,39520.0,39580.0,39120.0,39250.0,218312,26215.0,26215.0,26255.0,25640.0,25785.0,5348573,2763.913818359375,2800.0,2814.0,2755.0,2780.0,15283500,2555.25146484375,2720.5,2753.5,2720.5,2736.5,24292200
2024-08-30,2804.349365234375,2811.0,2818.0,2794.0,2800.0,7224680,39074.5546875,39780.0,39840.0,39490.0,39600.0,245327,26530.0,26530.0,26610.0,26145.0,26315.0,6501612,2803.3984375,2840.0,2840.0,2806.0,2820.0,15233500,2591.882568359375,2759.5,2786.5,2704.0,2707.0,52860500
2024-09-02,2810.335205078125,2817.0,2838.5,2802.0,2835.0,1699480,39133.4921875,39840.0,40290.0,39650.0,40250.0,391108,26605.0,26605.0,27210.0,26350.0,27200.0,5665647,2780.695068359375,2817.0,2857.0,2792.0,2844.0,12363500,2612.0771484375,2781.0,2821.5,2755.0,2789.5,24733100
2024-09-03,2827.294921875,2834.0,2845.0,2818.0,2818.5,1992280,39182.60546875,39890.0,40160.0,39750.0,39900.0,200709,26695.0,26695.0,27040.0,26490.0,26690.0,5078529,2798.462890625,2835.0,2860.0,2813.0,2817.0,10028500,2603.623291015625,2772.0,2807.0,2770.0,2784.5,18096800
2024-09-04,2723.541015625,2730.0,2772.0,2724.5,2751.5,2493740,37483.28515625,38160.0,38720.0,38020.0,38500.0,603384,24335.0,24335.0,25100.0,24135.0,24865.0,11551908,2714.558349609375,2750.0,2781.0,2722.0,2735.0,20220500,2511.576171875,2674.0,2724.5,2671.0,2677.5,37121600
2024-09-05,2716.05859375,2722.5,2756.0,2691.0,2699.5,1467110,37119.84765625,37790.0,38230.0,37460.0,37500.0,728755,23835.0,23835.0,24450.0,23435.0,23510.0,8757760,2673.099853515625,2708.0,2751.0,2700.0,2712.0,12036500,2457.099365234375,2616.0,2652.5,2586.0,2594.0,29116800
2024-09-06,2688.623779296875,2695.0,2728.0,2682.5,2721.5,1180290,36854.6328125,37520.0,38050.0,37350.0,37960.0,359262,23530.0,23530.0,24200.0,23315.0,24110.0,6395654,2604.989013671875,2639.0,2689.0,2613.0,2676.0,16867000,2425.634033203125,2582.5,2602.0,2552.0,2566.5,27452800
2024-09-09,2675.15576171875,2681.5,2683.5,2617.5,2622.0,3270700,36628.7109375,37290.0,37390.0,36330.0,36430.0,506315,23215.0,23215.0,23340.0,22030.0,22165.0,9071532,2566.491455078125,2600.0,2603.0,2516.0,2520.0,14580000,2348.1455078125,2500.0,2507.0,2449.0,2498.0,32686400
2024-09-10,2667.174560546875,2673.5,2702.0,2671.0,2688.0,1785220,36520.6640625,37180.0,37660.0,37100.0,37460.0,417674,23205.0,23205.0,23715.0,23005.0,23450.0,7095028,2604.989013671875,2639.0,2667.0,2610.0,2630.0,14379500,2347.675537109375,2499.5,2537.0,2491.0,2517.0,22733800
2024-09-11,2621.7822265625,2628.0,2664.5,2603.5,2657.5,1970350,36068.8203125,36720.0,37170.0,36350.0,37110.0,460333,22510.0,22510.0,23090.0,22050.0,23005.0,8285864,2598.078857421875,2632.0,2659.0,2605.0,2656.0,14130000,2274.883056640625,2422.0,2478.5,2391.5,2450.0,31044800
2024-09-12,2684.63330078125,2691.0,2704.0,2669.0,2687.0,1405640,37286.83203125,37960.0,38030.0,37570.0,37760.0,360938,24085.0,24085.0,24135.0,23555.0,23895.0,7329770,2617.821044921875,2652.0,2714.0,2645.0,2680.0,17175500,2360.35546875,2513.0,2516.0,2472.0,2485.0,29466900
2024-09-13,2658.69482421875,2665.0,2687.0,2660.5,2684.5,1092640,37031.44140625,37700.0,38030.0,37560.0,37970.0,304231,23720.0,23720.0,24145.0,23525.0,24025.0,6161148,2587.220947265625,2621.0,2652.0,2617.0,2642.0,18674000,2305.87841796875,2455.0,2497.5,2446.0,2482.0,33002900
2024-09-17,2651.71142578125,2658.0,2679.0,2616.5,2675.5,1664610,36668.00390625,37330.0,37760.0,36930.0,37700.0,441545,23205.0,23205.0,23785.0,22720.0,23665.0,6191815,2527.994140625,2561.0,2571.0,2493.0,2511.0,24939500,2259.85498046875,2406.0,2458.5,2367.5,2436.5,33434800
2024-09-18,2652.708984375,2659.0,2682.5,2641.0,2679.0,1127710,36795.69921875,37460.0,37800.0,37230.0,37730.0,258356,23410.0,23410.0,23825.0,23115.0,23655.0,5505413,2528.981201171875,2562.0,2590.0,2529.0,2590.0,14187500,2334.056396484375,2485.0,2486.5,2441.0,2450.5,28165900
2024-09-19,2709.573974609375,2716.0,2733.0,2706.0,2706.5,3661870,37571.6875,38250.0,38550.0,38120.0,38370.0,397100,24400.0,24400.0,24770.0,24225.0,24520.0,7121027,2601.04052734375,2635.0,2640.0,2578.0,2585.0,16567500,2451.933349609375,2610.5,2633.0,2560.5,2585.0,40450100
2024-09-20,2734.514892578125,2741.0,2769.5,2740.0,2763.0,1642160,38190.515625,38880.0,39140.0,38820.0,38990.0,472759,25245.0,25245.0,25545.0,25120.0,25310.0,6206457,2638.550537109375,2673.0,2712.0,2659.0,2691.0,19125500,2474.005859375,2634.0,2668.0,2612.0,2667.0,40654400
2024-09-24,2749.978271484375,2756.5,2780.5,2755.0,2774.5,1462390,38455.7265625,39150.0,39620.0,39060.0,39470.0,432354,25530.0,25530.0,26175.0,25455.0,25985.0,5381742,2715.54541015625,2751.0,2776.0,2724.0,2730.0,17299000,2458.03857421875,2617.0,2666.0,2610.0,2661.5,29192300
2024-09-25,2744.989990234375,2751.5,2762.0,2744.5,2752.0,1612210,38328.03515625,39020.0,39270.0,39020.0,39080.0,180685,25400.0,25400.0,25730.0,25400.0,25460.0,4246349,2719.493896484375,2755.0,2767.0,2730.0,2730.0,11498000,2482.928955078125,2643.5,2665.0,2608.0,2609.5,27114900
2024-09-26,2812.330322265625,2819.0,2819.0,2775.5,2780.5,2355980,39310.30078125,40020.0,40050.0,39520.0,39530.0,536688,26710.0,26710.0,26760.0,26085.0,26125.0,7582277,2811.29541015625,2848.0,2848.0,2777.0,2780.0,19920000,2560.88720703125,2726.5,2726.5,2650.5,2671.5,37741900
2024-09-27,2854.729736328125,2861.5,2875.0,2824.5,2849.5,2037620,40498.84375,41230.0,41270.0,40360.0,40600.0,826344,28295.0,28295.0,28380.0,27150.0,27400.0,11311178,2834.078857421875,2861.0,2891.0,2788.0,2888.0,13957600,2622.84814453125,2751.5,2777.5,2677.5,2746.5,38750100
2024-09-30,2760.453369140625,2767.0,2797.5,2759.0,2762.0,2085730,38652.1796875,39350.0,39900.0,39210.0,39350.0,715991,25730.0,25730.0,26810.0,25520.0,26795.0,10954595,2751.36474609375,2777.5,2780.0,2718.5,2730.0,20903300,2423.620361328125,2542.5,2624.0,2525.5,2600.5,62903500
2024-10-01,2813.328125,2820.0,2825.0,2786.0,2790.0,1196280,39320.12109375,40030.0,40150.0,39670.0,39720.0,379534,26650.0,26650.0,26775.0,26160.0,26190.0,6842351,2807.3330078125,2834.0,2845.0,2763.5,2777.5,15263700,2474.618896484375,2596.0,2603.5,2559.0,2569.0,31990900
2024-10-02,2766.93798828125,2773.5,2806.5,2766.0,2780.0,1370840,38504.83984375,39200.0,39610.0,39070.0,39340.0,352646,25480.0,25480.0,26045.0,25310.0,25790.0,8153519,2724.61865234375,2750.5,2788.0,2693.5,2734.0,23485700,2449.357666015625,2569.5,2595.0,2546.0,2550.0,25911700
2024-10-03,2801.855224609375,2808.5,2842.5,2806.5,2839.5,1461350,39241.54296875,39950.0,40430.0,39920.0,40370.0,344320,26465.0,26465.0,26855.0,26430.0,26845.0,7295495,2753.841064453125,2780.0,2804.0,2743.0,2780.0,14166400,2479.861572265625,2601.5,2649.5,2590.0,2629.0,31757300
2024-10-04,2814.824462890625,2821.5,2829.0,2813.0,2815.5,662860,39310.30078125,40020.0,40170.0,39940.0,39980.0,240708,26585.0,26585.0,26770.0,26445.0,26465.0,4888652,2740.963623046875,2767.0,2809.5,2760.5,2794.0,10635600,2465.08642578125,2586.0,2605.5,2573.5,2600.0,22315200
2024-10-07,2869.195556640625,2876.0,2885.5,2862.0,2875.0,3022310,40086.2890625,40810.0,41030.0,40790.0,40990.0,452393,27620.0,27620.0,27900.0,27580.0,27715.0,6808507,2853.395263671875,2880.5,2919.5,2833.5,2850.0,17950100,2521.804443359375,2645.5,2662.5,2631.0,2659.0,31459300
2024-10-08,2826.29736328125,2833.0,2851.0,2821.5,2845.0,1441290,39663.9140625,40380.0,40570.0,40270.0,40410.0,269194,26980.0,26980.0,27285.0,26860.0,27120.0,6255313,2784.05419921875,2810.5,2841.5,2791.0,2832.5,13589000,2447.92822265625,2568.0,2618.5,2556.5,2605.5,26579100
2024-10-09,2827.793701171875,2834.5,2857.5,2825.0,2852.5,1711750,40007.7109375,40730.0,40940.0,40580.0,40840.0,221929,27540.0,27540.0,27770.0,27290.0,27645.0,6031858,2793.46484375,2820.0,2859.0,2810.0,2840.0,8429800,2443.638427734375,2563.5,2594.5,2545.5,2591.0,21033300
2024-10-10,2838.268798828125,2845.0,2858.5,2837.5,2857.0,663030,40125.58203125,40850.0,41090.0,40740.0,41090.0,209028,27680.0,27680.0,27995.0,27515.0,27990.0,5343327,2799.408447265625,2826.0,2836.5,2813.0,2835.5,9568500,2460.320068359375,2581.0,2617.0,2579.0,2596.0,25652700
2024-10-11,2828.791259765625,2835.5,2855.5,2833.5,2850.0,1556320,40302.390625,41030.0,41140.0,40870.0,40920.0,193378,27940.0,27940.0,28050.0,27685.0,27735.0,5852338,2788.51171875,2815.0,2874.0,2809.0,2850.0,12532400,2442.20849609375,2562.0,2595.5,2560.0,2586.0,20472100
2024-10-15,2843.257080078125,2850.0,2875.0,2850.0,2871.0,2411910,40695.296875,41430.0,41770.0,41410.0,41540.0,520196,28420.0,28420.0,28890.0,28420.0,28600.0,7199204,2787.521240234375,2814.0,2842.5,2809.5,2830.0,12663000,2435.535888671875,2555.0,2599.0,2555.0,2592.0,22768900
2024-10-16,2817.8173828125,2824.5,2843.0,2806.0,2815.5,1059010,39948.7734375,40670.0,40780.0,40340.0,40360.0,301566,27395.0,27395.0,27545.0,27110.0,27155.0,5991767,2746.41162109375,2772.5,2801.5,2753.0,2770.0,9019500,2407.4150390625,2525.5,2569.0,2512.5,2527.5,22755500
2024-10-17,2808.838623046875,2815.5,2838.5,2814.0,2833.5,1491820,39703.20703125,40420.0,40790.0,40360.0,40780.0,309752,27080.0,27080.0,27550.0,27000.0,27550.0,5693503,2739.477783203125,2765.5,2789.0,2758.0,2778.0,8705100,2431.246337890625,2550.5,2582.5,2545.0,2549.0,23200400
2024-10-18,2810.833984375,2817.5,2834.0,2813.0,2826.5,1727540,39683.5625,40400.0,40670.0,40350.0,40590.0,194304,27055.0,27055.0,27380.0,26965.0,27270.0,4504306,2685.98583984375,2711.5,2770.0,2711.5,2750.0,12382600,2433.15283203125,2552.5,2574.5,2537.0,2574.5,17752400
2024-10-21,2803.351806640625,2810.0,2823.5,2800.5,2819.0,1010940,39771.96484375,40490.0,40580.0,40220.0,40420.0,245160,27110.0,27110.0,27260.0,26785.0,27060.0,3865430,2684.49951171875,2710.0,2738.5,2704.0,2728.0,8650700,2422.667236328125,2541.5,2571.5,2533.5,2550.0,17422500
2024-10-22,2772.923828125,2779.5,2811.5,2762.0,2804.5,2417840,39143.31640625,39850.0,40450.0,39620.0,40420.0,399221,26290.0,26290.0,27085.0,25970.0,27040.0,6685295,2665.6787109375,2691.0,2720.0,2666.0,2720.0,9682400,2426.003173828125,2545.0,2576.5,2527.5,2567.5,22643900
2024-10-23,2758.95703125,2765.5,2792.0,2758.5,2778.0,795530,38809.34375,39510.0,39970.0,39390.0,39820.0,356711,25815.0,25815.0,26430.0,25680.0,26265.0,5549132,2648.34326171875,2673.5,2699.5,2652.5,2671.0,9265900,2497.97314453125,2620.5,2655.5,2572.0,2573.5,35439900
2024-10-24,2757.46044921875,2764.0,2772.0,2731.0,2740.0,5910550,38887.92578125,39590.0,39770.0,39120.0,39210.0,357832,25905.0,25905.0,26165.0,25325.0,25440.0,5152556,2659.23974609375,2684.5,2698.5,2653.5,2655.0,9499800,2480.81494140625,2602.5,2619.5,2556.5,2589.0,26146100
2024-10-25,2738.50537109375,2745.0,2756.5,2729.5,2750.0,1084200,38593.24609375,39290.0,39470.0,39120.0,39430.0,289843,25595.0,25595.0,25770.0,25325.0,25695.0,4451857,2620.111328125,2645.0,2677.0,2634.0,2675.0,7416600,2478.431884765625,2600.0,2619.0,2576.0,2594.5,18218000
2024-10-28,2780.406005859375,2787.0,2794.5,2731.0,2737.5,2515400,39349.58984375,40060.0,40190.0,39140.0,39180.0,410841,26600.0,26600.0,26720.0,25350.0,25420.0,7493367,2672.61279296875,2698.0,2711.0,2631.5,2641.0,10846300,2580.428955078125,2707.0,2720.5,2607.5,2615.0,34954200
2024-10-29,2803.351806640625,2810.0,2814.0,2783.5,2788.0,1168110,39614.80078125,40330.0,40350.0,39840.0,39930.0,243027,26900.0,26900.0,26930.0,26250.0,26400.0,4491745,2688.95751953125,2714.5,2722.0,2686.5,2698.0,10303100,2573.279541015625,2699.5,2720.0,2685.5,2709.0,22183300
2024-10-30,2831.7841796875,2838.5,2846.5,2821.0,2821.5,1035010,39978.2421875,40700.0,40880.0,40560.0,40580.0,307508,27500.0,27500.0,27645.0,27215.0,27225.0,5296822,2724.123291015625,2750.0,2764.0,2714.5,2717.5,23163400,2584.718505859375,2711.5,2740.5,2680.0,2685.0,41528400
2024-10-31,2811.332763671875,2818.0,2833.5,2809.0,2820.0,1925620,39811.25390625,40530.0,40700.0,40260.0,40600.0,299718,27165.0,27165.0,27390.0,26810.0,27320.0,6094392,2697.872802734375,2723.5,2740.0,2709.0,2721.0,13004600,2557.07421875,2682.5,2717.5,2654.0,2700.0,27717100
2024-11-01,2766.439208984375,2773.0,2801.5,2764.5,2781.0,1432520,38750.40625,39450.0,39870.0,39360.0,39590.0,361634,25670.0,25670.0,26270.0,25580.0,26015.0,7289282,2649.333740234375,2674.5,2711.0,2662.5,2675.0,10960500,2493.207275390625,2615.5,2656.5,2602.0,2629.0,23741600
2024-11-05,2769.43212890625,2776.0,2800.5,2769.5,2788.5,1087010,39231.71875,39940.0,40070.0,39580.0,39700.0,277393,26430.0,26430.0,26515.0,25860.0,26065.0,4049239,2702.825927734375,2728.5,2758.0,2700.0,2720.0,10536900,2515.608154296875,2639.0,2651.0,2616.5,2636.5,21319300
2024-11-06,2840.762939453125,2847.5,2864.5,2800.5,2806.5,1915540,40223.80859375,40950.0,41150.0,40120.0,40200.0,569979,27700.0,27700.0,27965.0,26585.0,26755.0,9850891,2748.392822265625,2774.5,2800.0,2723.0,2728.5,12755300,2558.980712890625,2684.5,2719.0,2554.0,2616.0,68795700
2024-11-07,2864.207275390625,2871.0,2898.0,2846.5,2878.0,2185380,40086.2890625,40810.0,41400.0,40470.0,41310.0,421432,27490.0,27490.0,28290.0,27030.0,28155.0,7242951,2745.916259765625,2772.0,2809.0,2758.5,2789.0,12594700,2632.85693359375,2762.0,2813.0,2734.0,2784.5,55124700
2024-11-08,2859.21923828125,2866.0,2903.0,2865.0,2900.5,1084420,40174.6953125,40900.0,41380.0,40840.0,41300.0,332556,27630.0,27630.0,28165.0,27525.0,28140.0,4786590,2779.10107421875,2805.5,2825.0,2767.5,2818.0,10130700,2538.009521484375,2662.5,2748.0,2659.0,2748.0,33139900
2024-11-11,2865.205078125,2872.0,2887.0,2862.0,2872.5,949560,40253.27734375,40980.0,41070.0,40780.0,40850.0,186973,27710.0,27710.0,27845.0,27430.0,27495.0,4275430,2947.00634765625,2975.0,3068.0,2949.5,3000.0,27721600,2529.43017578125,2653.5,2684.0,2653.5,2660.0,18773100
2024-11-12,2862.212158203125,2869.0,2903.0,2862.5,2886.0,1629120,40027.35546875,40750.0,41350.0,40580.0,41190.0,400224,27445.0,27445.0,28200.0,27165.0,27945.0,6947012,2893.514404296875,2921.0,2985.5,2915.5,2975.0,15897900,2589.96142578125,2717.0,2757.0,2666.5,2676.5,29839200
2024-11-13,2831.285400390625,2838.0,2873.5,2829.5,2871.5,1779330,39477.28515625,40190.0,40850.0,40050.0,40830.0,492300,26625.0,26625.0,27530.0,26445.0,27455.0,6222094,2863.30126953125,2890.5,2932.0,2865.0,2875.0,15046400,2537.532958984375,2662.0,2723.5,2648.0,2717.0,20181300
2024-11-14,2825.79833984375,2832.5,2868.5,2832.5,2847.0,1256220,39241.54296875,39950.0,40550.0,39950.0,40370.0,298557,26345.0,26345.0,27110.0,26345.0,26880.0,4582946,2850.919189453125,2878.0,2930.0,2873.5,2888.5,12279200,2541.345703125,2666.0,2745.0,2666.0,2718.0,24174400
2024-11-15,2835.27587890625,2842.0,2863.5,2842.0,2851.5,2511800,39408.52734375,40120.0,40570.0,40120.0,40210.0,246144,26520.0,26520.0,27135.0,26520.0,26655.0,4246159,2862.310791015625,2889.5,2933.0,2888.0,2906.0,11524600,2577.569091796875,2704.0,2745.0,2699.0,2703.5,26581600
2024-11-18,2816.321044921875,2823.0,2838.0,2814.0,2820.0,1391230,38986.15234375,39690.0,40000.0,39560.0,39660.0,544278,25925.0,25925.0,26385.0,25820.0,25865.0,4515826,2890.047607421875,2917.5,2918.5,2857.0,2857.5,9904100,2550.878173828125,2676.0,2695.5,2663.5,2674.5,17020700
2024-11-19,2835.27587890625,2842.0,2848.5,2822.0,2832.0,1374070,39113.84765625,39820.0,40010.0,39680.0,39830.0,270783,26180.0,26180.0,26380.0,25945.0,26115.0,3632078,2908.373291015625,2936.0,2967.0,2920.0,2943.0,11275700,2602.830078125,2730.5,2737.0,2694.5,2700.0,19141700
2024-11-20,2824.302001953125,2831.0,2851.5,2820.5,2842.0,2976180,39104.0234375,39810.0,39970.0,39600.0,39890.0,279192,26110.0,26110.0,26325.0,25855.0,26185.0,3275366,2989.6015625,3018.0,3084.0,2992.0,3000.0,17951800,2572.326171875,2698.5,2743.5,2691.5,2734.0,15762100
2024-11-21,2804.349365234375,2811.0,2832.0,2810.0,2827.0,990940,38750.40625,39450.0,39810.0,39370.0,39750.0,250025,25620.0,25620.0,26120.0,25535.0,26050.0,4390164,2923.7275390625,2951.5,3008.0,2950.5,3000.0,11220600,2549.448486328125,2674.5,2712.0,2674.5,2706.5,16002400
2024-11-22,2817.8173828125,2824.5,2837.0,2815.0,2817.5,1216620,39045.08984375,39750.0,39860.0,39500.0,39630.0,207107,26045.0,26045.0,26175.0,25710.0,25865.0,4064517,2920.260009765625,2948.0,2966.5,2936.0,2946.5,10214200,2539.916015625,2664.5,2703.5,2664.5,2696.0,17121200
2024-11-25,2836.273681640625,2843.0,2866.5,2843.0,2852.0,1606130,39496.9296875,40210.0,40520.0,40120.0,40180.0,250323,26610.0,26610.0,27045.0,26510.0,26655.0,5427796,2949.48291015625,2977.5,3006.0,2954.5,2960.0,15089000,2568.513427734375,2694.5,2729.5,2691.5,2709.0,30731900
2024-11-26,2816.321044921875,2823.0,2834.5,2798.5,2832.5,1508120,39192.4296875,39900.0,40000.0,39440.0,39990.0,392254,26145.0,26145.0,26370.0,25615.0,26370.0,5970896,2954.93115234375,2983.0,2989.5,2942.0,2965.5,9269700,2542.77587890625,2667.5,2697.0,2616.0,2694.0,25146500
2024-11-27,2790.88134765625,2797.5,2815.5,2782.5,2812.0,1110810,38868.28125,39570.0,39770.0,39420.0,39720.0,179772,25740.0,25740.0,26040.0,25580.0,25970.0,4210982,2989.6015625,3018.0,3025.0,2990.5,3010.0,10528300,2450.78759765625,2571.0,2607.5,2552.5,2600.0,29465300
2024-11-28,2812.330322265625,2819.0,2823.5,2781.0,2783.0,1503180,39104.0234375,39810.0,39920.0,39220.0,39340.0,440999,26080.0,26080.0,26240.0,25320.0,25450.0,5246322,3029.225341796875,3058.0,3072.0,3013.0,3045.0,8906900,2485.104248046875,2607.0,2611.5,2563.5,2591.0,19673700
2024-11-29,2797.86474609375,2804.5,2816.0,2796.0,2814.0,4712060,38927.21484375,39630.0,39710.0,39410.0,39650.0,184841,25815.0,25815.0,25950.0,25565.0,25895.0,4248582,2978.705322265625,3007.0,3045.0,2993.5,3040.0,9922400,2432.19970703125,2551.5,2618.0,2546.5,2612.0,24496900
2024-12-02,2838.268798828125,2845.0,2851.0,2812.0,2814.0,1787100,39221.89453125,39930.0,39990.0,39380.0,39630.0,289847,26235.0,26235.0,26330.0,25515.0,25815.0,5310373,2985.63916015625,3014.0,3033.0,2978.0,3020.0,9657300,2488.91748046875,2611.0,2620.5,2557.0,2565.0,20253600
2024-12-03,2872.1884765625,2879.0,2900.0,2857.5,2857.5,1936150,39958.59765625,40680.0,40880.0,40140.0,40140.0,393016,27230.0,27230.0,27510.0,26500.0,26505.0,7260605,3041.1123046875,3070.0,3085.0,3005.0,3014.0,17456800,2528.00048828125,2652.0,2665.0,2604.0,2611.0,28572300
2024-12-04,2860.715576171875,2867.5,2894.0,2866.0,2890.0,1118390,39988.0625,40710.0,40880.0,40510.0,40750.0,231843,27250.0,27250.0,27500.0,27005.0,27335.0,4221966,3140.17138671875,3170.0,3193.0,3057.0,3085.0,20022900,2507.982421875,2631.0,2657.5,2611.5,2634.5,19005600
2024-12-05,2862.7109375,2869.5,2893.5,2868.5,2893.5,1618680,40115.7578125,40840.0,41120.0,40790.0,41100.0,330595,27445.0,27445.0,27795.0,27370.0,27775.0,3508542,3137.19970703125,3167.0,3198.0,3150.0,3195.0,13592500,2508.935546875,2632.0,2649.5,2613.0,2649.0,20694400
2024-12-06,2851.238037109375,2858.0,2879.0,2851.0,2875.5,1088380,39801.43359375,40520.0,40940.0,40400.0,40830.0,229495,27025.0,27025.0,27575.0,26835.0,27435.0,4059846,3114.416015625,3144.0,3151.0,3097.0,3146.0,8673800,2506.075927734375,2629.0,2652.0,2617.0,2647.0,12808400
2024-12-09,2860.216796875,2867.0,2877.0,2853.0,2871.5,1162110,39919.3046875,40640.0,40810.0,40430.0,40780.0,195637,27135.0,27135.0,27390.0,26885.0,27350.0,3581909,3175.832763671875,3206.0,3217.0,3139.0,3148.0,14338800,2521.804443359375,2645.5,2645.5,2625.0,2629.0,17182100
2024-12-10,2864.207275390625,2871.0,2895.0,2871.0,2890.5,1820370,40096.11328125,40820.0,40950.0,40620.0,40850.0,267881,27420.0,27420.0,27580.0,27150.0,27430.0,3284789,3306.59033203125,3338.0,3343.0,3273.0,3320.0,21936700,2554.21484375,2679.5,2700.0,2667.5,2685.5,29297100
2024-12-11,2877.675537109375,2884.5,2885.0,2865.5,2879.0,978970,40135.40234375,40860.0,40880.0,40600.0,40830.0,143579,27460.0,27460.0,27475.0,27110.0,27440.0,2865974,3330.36474609375,3362.0,3398.0,3288.0,3310.0,20063200,2557.07421875,2682.5,2699.5,2667.0,2693.5,17726800
2024-12-12,2899.12451171875,2906.0,2923.0,2904.5,2904.5,1853260,40616.71484375,41350.0,41570.0,41290.0,41380.0,572417,28175.0,28175.0,28445.0,28055.0,28195.0,6314825,3429.423828125,3462.0,3479.0,3388.0,3424.0,19286200,2591.39111328125,2718.5,2724.0,2703.0,2715.0,23514500
2024-12-13,2873.684814453125,2880.5,2891.0,2864.0,2891.0,2088150,40204.1640625,40930.0,41160.0,40710.0,41160.0,341664,27595.0,27595.0,27900.0,27250.0,27900.0,4329318,3326.40234375,3358.0,3403.0,3317.0,3322.0,27459800,2571.372802734375,2697.5,2697.5,2668.5,2668.5,22366300
2024-12-16,2861.71337890625,2868.5,2888.0,2866.5,2880.0,1574030,40184.515625,40910.0,41100.0,40840.0,41020.0,250860,27500.0,27500.0,27790.0,27430.0,27660.0,3079046,3292.722412109375,3324.0,3360.0,3318.0,3333.0,10775100,2566.13037109375,2692.0,2715.0,2684.0,2698.0,13700000
2024-12-17,2847.746337890625,2854.5,2895.5,2854.5,2872.5,1516660,40135.40234375,40860.0,41270.0,40860.0,41050.0,209982,27450.0,27450.0,28000.0,27445.0,27705.0,3751620,3348.1953125,3380.0,3397.0,3321.0,3322.0,11456400,2547.5419921875,2672.5,2709.5,2670.0,2688.0,17335100
2024-12-18,2845.751220703125,2852.5,2874.5,2852.5,2855.0,1049610,39870.19140625,40590.0,40860.0,40580.0,40700.0,199366,27105.0,27105.0,27460.0,27065.0,27220.0,3142256,3260.03271484375,3291.0,3336.0,3286.0,3318.0,12564700,2599.01708984375,2726.5,2738.5,2690.0,2691.0,21766700
2024-12-19,2837.77001953125,2844.5,2853.5,2800.0,2804.5,1957200,39536.22265625,40250.0,40370.0,39800.0,39840.0,491419,26670.0,26670.0,26795.0,26025.0,26105.0,5543613,3229.324462890625,3260.0,3286.0,3211.0,3221.0,14822400,2596.634033203125,2724.0,2726.0,2664.0,2676.5,17912000
2024-12-20,2823.80322265625,2830.5,2860.5,2830.5,2856.0,1330760,39447.81640625,40160.0,40510.0,40160.0,40430.0,288799,26545.0,26545.0,26950.0,26495.0,26880.0,4136324,3253.0986328125,3284.0,3374.0,3280.0,3300.0,19859500,2641.912841796875,2771.5,2807.5,2735.5,2748.5,51442500
2024-12-23,2852.734619140625,2859.5,2862.5,2840.5,2847.5,1108700,39938.94921875,40660.0,40680.0,40300.0,40520.0,283652,27170.0,27170.0,27195.0,26680.0,26945.0,3652871,3269.938720703125,3301.0,3358.0,3301.0,3348.0,9199500,2704.350341796875,2837.0,2839.0,2784.0,2805.0,25299700
2024-12-24,2854.729736328125,2861.5,2867.5,2856.5,2867.5,886460,39830.90234375,40550.0,40720.0,40460.0,40710.0,149377,26970.0,26970.0,27255.0,26895.0,27245.0,2706809,3266.967041015625,3298.0,3327.0,3285.0,3327.0,6251000,2702.44384765625,2835.0,2858.0,2829.0,2850.0,19906300
2024-12-25,2854.729736328125,2861.5,2865.0,2840.0,2864.0,1764940,39880.015625,40600.0,40680.0,40390.0,40660.0,159920,27030.0,27030.0,27185.0,26810.0,27185.0,2990091,3273.901123046875,3305.0,3307.0,3267.0,3291.0,6741400,2825.888916015625,2964.5,2964.5,2792.5,2830.0,55113700
2024-12-26,2894.63525390625,2901.5,2902.0,2867.5,2867.5,883390,40272.921875,41000.0,41070.0,40580.0,40580.0,285076,27625.0,27625.0,27700.0,27035.0,27040.0,5526158,3318.4775390625,3350.0,3350.0,3298.0,3300.0,9413400,2995.08935546875,3142.0,3164.0,2995.0,3000.0,63975100
2024-12-27,2936.037109375,2943.0,2944.0,2913.5,2915.5,1135780,41068.55859375,41810.0,41950.0,41160.0,41190.0,487089,28715.0,28715.0,28895.0,27795.0,27800.0,8738259,3384.84716796875,3417.0,3423.0,3381.0,3400.0,10937600,3038.9384765625,3188.0,3220.0,3154.0,3204.0,49315300
2024-12-30,2912.09375,2919.0,2950.0,2914.0,2945.5,9359650,40734.5859375,41470.0,41860.0,41390.0,41850.0,240792,28175.0,28175.0,28785.0,28115.0,28715.0,4394272,3337.298828125,3369.0,3432.0,3347.0,3430.0,9437900,2998.90234375,3146.0,3189.0,3136.0,3182.0,24224200
